{
  "swagger" : "2.0",
  "info" : {
    "description" : "YouTube",
    "version" : "1.0.0",
    "title" : "Simple Inventory API",
    "contact" : {
      "email" : "thanasibilero@gmail.com"
    },
    "license" : {
      "name" : "Apache 2.0",
      "url" : "http://www.apache.org/licenses/LICENSE-2.0.html"
    }
  },
  "host" : "virtserver.swaggerhub.com",
  "basePath" : "/nasibill/youtube/1.0.0",
  "schemes" : [ "https" ],
  "paths" : {
    "/UploadVideo" : {
      "get" : {
        "tags" : [ "Youtube" ],
        "summary" : "Find Video",
        "operationId" : "searchVideo",
        "produces" : [ "application/json" ],
        "parameters" : [ {
          "name" : "searchString",
          "in" : "query",
          "description" : "pass an optional search string for looking up inventory",
          "required" : true,
          "type" : "string"
        } ],
        "responses" : {
          "200" : {
            "description" : "search results matching criteria",
            "schema" : {
              "type" : "array",
              "items" : {
                "$ref" : "#/definitions/InventoryItem"
              }
            }
          },
          "400" : {
            "description" : "bad input parameter"
          }
        }
      },
      "post" : {
        "tags" : [ "Youtube" ],
        "summary" : "Adds Video",
        "description" : "Adds a video to the system",
        "operationId" : "addVideo",
        "consumes" : [ "application/json" ],
        "produces" : [ "application/json" ],
        "parameters" : [ {
          "in" : "body",
          "name" : "inventoryItem",
          "description" : "Video to add",
          "required" : false,
          "schema" : {
            "$ref" : "#/definitions/InventoryItem"
          }
        } ],
        "responses" : {
          "201" : {
            "description" : "Video created"
          },
          "400" : {
            "description" : "invalid input, object invalid"
          },
          "409" : {
            "description" : "an existing Video already exists"
          }
        }
      },
      "put" : {
        "tags" : [ "Youtube" ],
        "summary" : "Update Video",
        "operationId" : "updatePet",
        "consumes" : [ "application/json", "application/xml" ],
        "produces" : [ "application/json", "application/xml" ],
        "parameters" : [ {
          "in" : "body",
          "name" : "body",
          "description" : "Video object that needs to be added",
          "required" : true,
          "schema" : {
            "$ref" : "#/definitions/InventoryItem"
          }
        } ],
        "responses" : {
          "201" : {
            "description" : "Upload Done"
          },
          "404" : {
            "description" : "Video not found"
          }
        }
      },
      "delete" : {
        "tags" : [ "Youtube" ],
        "summary" : "Delete Video",
        "description" : "For valid response try integer IDs with positive integer value.\\ \\ Negative or non-integer values will generate API errors",
        "operationId" : "deleteVideo",
        "produces" : [ "application/json", "application/xml" ],
        "parameters" : [ {
          "name" : "VideoId",
          "in" : "path",
          "description" : "ID of the Video that needs to be deleted",
          "required" : true,
          "type" : "integer",
          "minimum" : 1,
          "format" : "int64"
        } ],
        "responses" : {
          "201" : {
            "description" : "Video deleted"
          },
          "400" : {
            "description" : "Invalid ID supplied"
          },
          "404" : {
            "description" : "Video not found"
          }
        }
      }
    }
  },
  "definitions" : {
    "InventoryItem" : {
      "type" : "object",
      "properties" : {
        "title" : {
          "type" : "string",
          "example" : "Summer"
        },
        "description" : {
          "type" : "string",
          "example" : "endless summer"
        },
        "video" : {
          "type" : "array",
          "example" : "c://localDisk/desktop/myvideo.avi",
          "items" : {
            "type" : "string"
          }
        },
        "Tags" : {
          "type" : "string",
          "example" : "#happy #smile"
        },
        "id" : {
          "type" : "string",
          "format" : "uuid",
          "example" : "d290f1ee-6c54-4b01-90e6-d701748f0851"
        }
      }
    }
  }
}